set log_min_messages='DEBUG1';
select pylog100();
 pylog100 
----------
        2
(1 row)

select pylog(10000, 10);
 pylog 
-------
     4
(1 row)

select pybool('f');
 pybool 
--------
 f
(1 row)

select pybool('t');
 pybool 
--------
 t
(1 row)

select pyint(NULL::int2);
ERROR:  PL/Container client exception occurred:
DETAIL:  
 Exception occurred in Python during function execution 
 Traceback (most recent call last):
  File "<string>", line 4, in pyint
TypeError: unsupported operand type(s) for +: 'NoneType' and 'int'
CONTEXT:  PLContainer function "pyint"
select pyint(123::int2);
 pyint 
-------
   124
(1 row)

select pyint(234::int4);
 pyint 
-------
   236
(1 row)

select pyint(345::int8);
 pyint 
-------
   348
(1 row)

select pyfloat(3.1415926535897932384626433832::float4);
 pyfloat 
---------
 4.14159
(1 row)

select pyfloat(3.1415926535897932384626433832::float8);
     pyfloat      
------------------
 5.14159265358979
(1 row)

select pynumeric(3.1415926535897932384626433832::numeric);
    pynumeric     
------------------
 6.14159265358979
(1 row)

select pytimestamp('2012-01-02 12:34:56.789012'::timestamp);
           pytimestamp           
---------------------------------
 Mon Jan 02 12:34:56.789012 2012
(1 row)

select pytimestamptz('2012-01-02 12:34:56.789012 UTC+4'::timestamptz);
            pytimestamptz            
-------------------------------------
 Mon Jan 02 08:34:56.789012 2012 PST
(1 row)

select pytext('text');
 pytext  
---------
 textbar
(1 row)

select pytext('');
 pytext 
--------
 bar
(1 row)

select pybytea('123'::bytea);
 pybytea 
---------
 123
(1 row)

select pybytea(''::bytea) is null;
 ?column? 
----------
 f
(1 row)

select pybytea(null::bytea) is null;
 ?column? 
----------
 t
(1 row)

select pybytea2() is null;
 ?column? 
----------
 t
(1 row)

select pybytea3() is null;
 ?column? 
----------
 f
(1 row)

select pyintarr(null::int8[]);
 pyintarr 
----------
        0
(1 row)

select pyintarr('{}'::int8[]);
 pyintarr 
----------
        0
(1 row)

select pyintarr(array[1]::int8[]);
 pyintarr 
----------
        1
(1 row)

select pyintarr(array[1,2,3,4,5]::int8[]);
 pyintarr 
----------
       15
(1 row)

select pyintarr(array[null,2,3,null,5]::int8[]);
 pyintarr 
----------
       10
(1 row)

select pyintarr(array[array[1,2,3,4,5],array[6,7,8,9,10]]::int8[]);
 pyintarr 
----------
       55
(1 row)

select pyintarr(array[array[1,2,3,null,5],array[6,null,8,9,null]]::int8[]);
 pyintarr 
----------
       34
(1 row)

select pyfloatarr(array[1.1,2.2,3.3]::float8[]);
 pyfloatarr 
------------
        2.2
(1 row)

select pyfloatarr(array[array[1.1,3.3,5.5,7.7],array[3.3,4.4,5.5,6.6]]::float8[]);
 pyfloatarr 
------------
      4.675
(1 row)

select pytextarr(array['aaa','bbb','ccc']::varchar[]);
  pytextarr   
--------------
 |aaa|bbb|ccc
(1 row)

select pytextarr(array['aaa','','ccc']::varchar[]);
 pytextarr 
-----------
 |aaa||ccc
(1 row)

select pytsarr(array['2010-01-01 00:00:00', '2010-02-02 01:01:01', '2010-03-03 03:03:03', '2012-01-01 00:00:00']::timestamp[]);
 pytsarr 
---------
       3
(1 row)

select pybyteaarr(array['123'::bytea,'321'::bytea]::bytea[]);
 pybyteaarr 
------------
 123|321
(1 row)

select pybyteaarr(array['123'::bytea,'321'::bytea,null::bytea]::bytea[]);
  pybyteaarr  
--------------
 123|321|None
(1 row)

select pybyteaarr('{}'::bytea[]);
 pybyteaarr 
------------
 
(1 row)

select pyintnulls(array[1,2,3,4,5,null]::int8[]);
 pyintnulls 
------------
          1
(1 row)

select pyintnulls(array[null,1,null]::int8[]);
 pyintnulls 
------------
          2
(1 row)

select pyreturnarrint1(5);
 pyreturnarrint1 
-----------------
 {f,t,t,t,t}
(1 row)

select pyreturnarrint2(6);
 pyreturnarrint2 
-----------------
 {0,1,2,3,4,5}
(1 row)

select pyreturnarrint4(7);
 pyreturnarrint4 
-----------------
 {0,1,2,3,4,5,6}
(1 row)

select pyreturnarrint8(8);
  pyreturnarrint8  
-------------------
 {0,1,2,3,4,5,6,7}
(1 row)

select pyreturnarrfloat4(9);
      pyreturnarrfloat4      
-----------------------------
 {0,0.5,1,1.5,2,2.5,3,3.5,4}
(1 row)

select pyreturnarrfloat8(10);
                                                 pyreturnarrfloat8                                                 
-------------------------------------------------------------------------------------------------------------------
 {0,0.333333333333333,0.666666666666667,1,1.33333333333333,1.66666666666667,2,2.33333333333333,2.66666666666667,3}
(1 row)

select pyreturnarrnumeric(11);
              pyreturnarrnumeric              
----------------------------------------------
 {0,0.25,0.5,0.75,1,1.25,1.5,1.75,2,2.25,2.5}
(1 row)

select pyreturnarrtext(12);
                                           pyreturnarrtext                                           
-----------------------------------------------------------------------------------------------------
 {number0,number1,number2,number3,number4,number5,number6,number7,number8,number9,number10,number11}
(1 row)

select pyreturnarrdate(13);
                                                                 pyreturnarrdate                                                                  
--------------------------------------------------------------------------------------------------------------------------------------------------
 {12-31-2016,01-01-2017,01-02-2017,01-03-2017,01-04-2017,01-05-2017,01-06-2017,01-07-2017,01-08-2017,01-09-2017,01-10-2017,01-11-2017,01-12-2017}
(1 row)

select pyreturnarrbytea(array['foo'::bytea,'bar'::bytea]::bytea[]);
 pyreturnarrbytea 
------------------
 {foo,bar}
(1 row)

select pyreturnarrbytea(array['foo'::bytea,'bar'::bytea,null::bytea]::bytea[]);
 pyreturnarrbytea 
------------------
 {foo,bar,NULL}
(1 row)

select pyreturnarrbytea(null::bytea[]);
 pyreturnarrbytea 
------------------
 
(1 row)

select pyreturnarrbytea2(14);
                                            pyreturnarrbytea2                                            
---------------------------------------------------------------------------------------------------------
 {bytea0,bytea1,bytea2,bytea3,bytea4,bytea5,bytea6,bytea7,bytea8,bytea9,bytea10,bytea11,bytea12,bytea13}
(1 row)

select pyreturntupint8();
 pyreturntupint8 
-----------------
 {0,1,2,3,4,5}
(1 row)

select pyreturnarrint8nulls();
   pyreturnarrint8nulls    
---------------------------
 {1,2,3,NULL,5,6,NULL,8,9}
(1 row)

select pyreturnarrtextnulls();
 pyreturnarrtextnulls 
----------------------
 {a,b,NULL,d,NULL,f}
(1 row)

select pyreturnarrmulti();
                       pyreturnarrmulti                        
---------------------------------------------------------------
 {{0,1,2,3,4},{0,1,2,3,4},{0,1,2,3,4},{0,1,2,3,4},{0,1,2,3,4}}
(1 row)

select pyreturnsetofint8(5);
 pyreturnsetofint8 
-------------------
                 0
                 1
                 2
                 3
                 4
(5 rows)

select pyreturnsetofint4arr(6);
 pyreturnsetofint4arr 
----------------------
 {0}
 {0,1}
 {0,1,2}
 {0,1,2,3}
 {0,1,2,3,4}
 {0,1,2,3,4,5}
(6 rows)

select pyreturnsetoftextarr(7);
  pyreturnsetoftextarr  
------------------------
 {n0}
 {n0,n1}
 {n0,n1,n2}
 {n0,n1,n2,n3}
 {n0,n1,n2,n3,n4}
 {n0,n1,n2,n3,n4,n5}
 {n0,n1,n2,n3,n4,n5,n6}
(7 rows)

select pyreturnsetofdate(8);
 pyreturnsetofdate 
-------------------
 12-31-2016
 01-01-2017
 01-02-2017
 01-03-2017
 01-04-2017
 01-05-2017
 01-06-2017
 01-07-2017
(8 rows)

select pyreturnsetofint8yield(9);
 pyreturnsetofint8yield 
------------------------
                      0
                      1
                      2
                      3
                      4
                      5
                      6
                      7
                      8
(9 rows)

select pyreturnsetofint8yield(0);
 pyreturnsetofint8yield 
------------------------
(0 rows)

-- Test that container cannot access filesystem of the host
select pywriteFile();
       pywritefile        
--------------------------
 wrote foobar to /tmp/foo
(1 row)

\! ls -l /tmp/foo
ls: cannot access /tmp/foo: No such file or directory
select pyconcat(fname, lname) from users order by 1;
 pyconcat  
-----------
 janedoe
 johndoe
 ricksmith
 willemdoe
(4 rows)

select pyconcatall();
      pyconcatall      
-----------------------
 jane,john,rick,willem
(1 row)

select pynested_call_three('a');
 pynested_call_three 
---------------------
 a
(1 row)

select pynested_call_two('a');
      pynested_call_two       
------------------------------
 {'pynested_call_three': 'a'}
(1 row)

select pynested_call_one('a');
                   pynested_call_one                   
-------------------------------------------------------
 {'pynested_call_two': "{'pynested_call_three': 'a'}"}
(1 row)

select py_plpy_get_record();
 py_plpy_get_record 
--------------------
                 11
(1 row)

select pylogging();
INFO:  this is the info message
CONTEXT:  PLContainer function "pylogging"
NOTICE:  this is the notice message
CONTEXT:  PLContainer function "pylogging"
WARNING:  this is the warning message
CONTEXT:  PLContainer function "pylogging"
ERROR:  this is the error message
CONTEXT:  PLContainer function "pylogging"
select pylogging2();
INFO:  this is the info message
CONTEXT:  PLContainer function "pylogging"
SQL statement "select pylogging()"
PLContainer function "pylogging"
NOTICE:  this is the notice message
CONTEXT:  PLContainer function "pylogging"
SQL statement "select pylogging()"
PLContainer function "pylogging"
WARNING:  this is the warning message
CONTEXT:  PLContainer function "pylogging"
SQL statement "select pylogging()"
PLContainer function "pylogging"
ERROR:  this is the error message
CONTEXT:  PLContainer function "pylogging"
SQL statement "select pylogging()"
PLContainer function "pylogging"
select pygdset('1','a');
 pygdset 
---------
 ok
(1 row)

select pygdset('2','b');
 pygdset 
---------
 ok
(1 row)

select pygdset('3','c');
 pygdset 
---------
 ok
(1 row)

select pygdgetall();
 pygdgetall 
------------
 1:a
 2:b
 3:c
(3 rows)

select pygdset('1','d');
 pygdset 
---------
 ok
(1 row)

select pygdgetall();
 pygdgetall 
------------
 1:d
 2:b
 3:c
(3 rows)

select pysdset('a','000');
INFO:  SD a -> 000
CONTEXT:  PLContainer function "pysdset"
 pysdset 
---------
 ok
(1 row)

select pysdset('b','111');
INFO:  SD a -> 000
CONTEXT:  PLContainer function "pysdset"
INFO:  SD b -> 111
CONTEXT:  PLContainer function "pysdset"
 pysdset 
---------
 ok
(1 row)

select pysdset('c','222');
INFO:  SD a -> 000
CONTEXT:  PLContainer function "pysdset"
INFO:  SD b -> 111
CONTEXT:  PLContainer function "pysdset"
INFO:  SD c -> 222
CONTEXT:  PLContainer function "pysdset"
 pysdset 
---------
 ok
(1 row)

select pysdgetall();
 pysdgetall 
------------
(0 rows)

select pysdset('d','333');
INFO:  SD a -> 000
CONTEXT:  PLContainer function "pysdset"
INFO:  SD b -> 111
CONTEXT:  PLContainer function "pysdset"
INFO:  SD c -> 222
CONTEXT:  PLContainer function "pysdset"
INFO:  SD d -> 333
CONTEXT:  PLContainer function "pysdset"
 pysdset 
---------
 ok
(1 row)

select pysdgetall();
 pysdgetall 
------------
(0 rows)

select pyunargs1('foo');
 pyunargs1 
-----------
 foo
(1 row)

select pyunargs2(123, 'foo');
 pyunargs2 
-----------
 123foo
(1 row)

select pyunargs3(123, 'foo', 'bar');
 pyunargs3 
-----------
 123foobar
(1 row)

select pyunargs4(1,null,null,1);
 pyunargs4 
-----------
         4
(1 row)

select pylargeint8in(array_agg(id)) from generate_series(1,100000) id;
 pylargeint8in 
---------------
       50000.5
(1 row)

select avg(x) from (select unnest(pylargeint8out(100000)) as x) as q;
   avg   
---------
 49999.5
(1 row)

select pylargetextin(string_agg(x,',')) from (select x::varchar from generate_series(1,100000) x) as q;
 pylargetextin 
---------------
        588894
(1 row)

select length(pylargetextout(100000));
 length 
--------
 588894
(1 row)

select pytestudt1( ('t', 1, 2, 3, 4, 5, 6, 'foobar')::test_type );
 pytestudt1 
------------
         10
(1 row)

select pytestudt2( (
        array[true,false,true]::bool[],
        array[1,2,3]::smallint[],
        array[2,3,4]::int[],
        array[3,4,5]::int8[],
        array[4.5,5.5,6.5]::float4[],
        array[5.5,6.5,7.5]::float8[],
        array[6.5,7.5,8.5]::numeric[],
        array['a','b','c']::varchar[])::test_type2 );
 pytestudt2 
------------
         10
(1 row)

select pytestudt6();
     pytestudt6      
---------------------
 (t,1,2,3,4,5,6,foo)
(1 row)

select pytestudt8();
 pytestudt8 
------------
 (1,2,foo)
 (3,4,bar)
(2 rows)

select * from pytestudt11();
 a |   b    |     c      
---+--------+------------
 1 | {2,22} | {foo,foo2}
 3 | {4,44} | {bar,bar2}
(2 rows)

select * from pytestudt13( (1,2,'a')::test_type3 );
 a | b | c 
---+---+---
 1 | 2 | a
(1 row)

select pytestudt16();
ERROR:  PL/Container client exception occurred:
DETAIL:  Only 'dict' object can be converted to UDT "test_type3"
CONTEXT:  PLContainer function "pytestudt16"
select * from pytestudtrecord1() as t(a int, b int, c varchar);
 a | b |  c  
---+---+-----
 1 | 2 | foo
(1 row)

select * from pytestudtrecord2() as t(a int, b int, c varchar);
 a | b |  c  
---+---+-----
 1 | 2 | foo
 3 | 4 | bar
(2 rows)

select pyreturnsetofint8(2), pyreturnsetofint8(3);
 pyreturnsetofint8 | pyreturnsetofint8 
-------------------+-------------------
                 0 |                 0
                 1 |                 1
                 0 |                 2
                 1 |                 0
                 0 |                 1
                 1 |                 2
(6 rows)

select pybadint();
ERROR:  PL/Container client exception occurred:
DETAIL:  Exception occurred transforming result object to int4
CONTEXT:  PLContainer function "pybadint"
select pybadfloat8();
ERROR:  PL/Container client exception occurred:
DETAIL:  Exception occurred transforming result object to float4
CONTEXT:  PLContainer function "pybadfloat8"
select pybadudt();
ERROR:  PL/Container client exception occurred:
DETAIL:  Cannot find key 'c' in result dictionary for converting it into UDT
CONTEXT:  PLContainer function "pybadudt"
select pybadudt2();
ERROR:  PL/Container client exception occurred:
DETAIL:  Exception occurred transforming result object to float8
CONTEXT:  PLContainer function "pybadudt2"
select pybadarr();
ERROR:  PL/Container client exception occurred:
DETAIL:  Exception occurred transforming result object to int4
CONTEXT:  PLContainer function "pybadarr"
select pybadarr2();
ERROR:  PL/Container client exception occurred:
DETAIL:  Cannot convert non-sequence object to array
CONTEXT:  PLContainer function "pybadarr2"
select pyinvalid_function();
ERROR:  PL/Container client exception occurred:
DETAIL:  
 Exception occurred in Python during function execution 
 Traceback (most recent call last):
  File "<string>", line 5, in pyinvalid_function
AttributeError: 'module' object has no attribute 'foobar'
CONTEXT:  PLContainer function "pyinvalid_function"
select pysubtransaction('t');
 pysubtransaction 
------------------
 t
(1 row)

SELECT py_udt_return_null();
 py_udt_return_null 
--------------------
 (t,1,2,3,4,5,6,)
(1 row)

select unicode_test_return();
 unicode_test_return 
---------------------
 ла
(1 row)

select multiout_simple_setof();
 multiout_simple_setof 
-----------------------
                     1
(1 row)

SELECT nnint_test(null, 3);
ERROR:  plcontainer: plcontainer does not support domain type (plc_typeio.c:107)
select nested_error_raise();
ERROR:  PL/Container client exception occurred:
DETAIL:  
 Exception occurred in Python during function execution 
 Traceback (most recent call last):
  File "<string>", line 13, in nested_error_raise
  File "<string>", line 11, in fun3
  File "<string>", line 8, in fun2
  File "<string>", line 5, in fun1
Error: boom
CONTEXT:  PLContainer function "nested_error_raise"
select nested_fatal_raise();
ERROR:  PL/Container client exception occurred:
DETAIL:  
 Exception occurred in Python during function execution 
 Traceback (most recent call last):
  File "<string>", line 13, in nested_fatal_raise
  File "<string>", line 11, in fun3
  File "<string>", line 8, in fun2
  File "<string>", line 5, in fun1
Fatal: boom
CONTEXT:  PLContainer function "nested_fatal_raise"
select pseudotype_result(1);
ERROR:  PLContainer functions cannot return type anyarray
\! psql -d ${PL_TESTDB} -c "select pythonlogging_fatal();"
FATAL:  test plpy fatal
CONTEXT:  PLContainer function "pythonlogging_fatal"
server closed the connection unexpectedly
	This probably means the server terminated abnormally
	before or while processing the request.
connection to server was lost
